N,P,K,temperature,humidity,ph,rainfall,label,soil_moisture,soil_type,sunlight_exposure,wind_speed,co2_concentration,organic_matter,irrigation_frequency,crop_density,pest_pressure,fertilizer_usage,growth_stage,urban_area_proximity,water_source_type,frost_risk,water_usage_efficiency,season
90,42,43,20.87974371,82.00274423,6.502985292,202.9355362,rice,29.44606392482905,2,8.67735526697563,10.109875244575116,435.611225664072,3.121394502259622,4,11.743910096203432,57.60730813596583,188.19495775411988,1,2.7196142681382094,3,95.6499853668432,1.1932932982959272,rainy
85,58,41,21.77046169,80.31964408,7.038096361,226.6555374,rice,12.851182636936995,3,5.754287955222303,12.048049798316915,401.45185974634256,2.142020928535281,4,16.797101236780506,74.73687900741903,70.96362942364794,1,4.714427327225068,2,77.26569365523096,1.7526716815799783,rainy
60,55,44,23.00445915,82.3207629,7.840207144,263.9642476,rice,29.363912891054824,2,9.875230096038331,9.05134891346406,357.4179627074981,1.4749737247687815,1,12.654394579097698,1.034478009144435,191.976077281112,1,30.43173647520732,2,18.192167864978813,3.035541019903109,rainy
74,35,40,26.49109635,80.15836264,6.980400905,242.8640342,rice,26.20773239299878,3,8.023684684293785,7.963606057288741,363.6943055002588,8.393907171864402,1,10.864360184826303,24.09188793478396,55.76138848397649,3,10.861071276483274,3,82.81872017326596,1.2733406458545562,rainy
78,42,42,20.13017482,81.60487287,7.628472891,262.7173405,rice,28.23623613583561,2,8.12051188272924,19.264133422858432,410.35645777701023,5.202285434682235,3,13.852910054226465,38.811481435085696,185.25970154082896,2,47.19077674711596,3,25.466498927055326,2.578671084995216,rainy
69,37,42,23.05804872,83.37011772,7.073453503,251.0549998,rice,23.61311519614218,3,10.873767569219408,2.728812124554161,428.7284296936261,5.958483178119839,5,13.478474458070083,82.07341331570409,135.92906584189868,3,42.15873477813557,3,43.42633430045652,1.7536156668614868,rainy
69,55,38,22.70883798,82.63941394,5.70080568,271.3248604,rice,15.333693105308976,2,8.726839860577611,4.715023586814744,398.3170075705707,7.389915833434773,1,13.487610448270203,48.81462557502119,121.1736596015814,1,1.592171825417832,3,50.01897066431516,3.171514124476316,rainy
94,53,40,20.27774362,82.89408619,5.718627178,241.9741949,rice,20.835640482532128,3,10.719887142177978,6.627556793662457,379.8472815222341,1.2420726896565475,4,8.63078182173721,80.12783103951577,195.7361604567481,1,14.415279885864967,1,18.08996232939174,3.1795385786845385,rainy
89,54,38,24.51588066,83.5352163,6.685346424,230.4462359,rice,26.64065576840069,2,11.600185637716663,7.309391590701411,446.3333843786954,8.821774607066256,2,11.260104812933562,89.87019212181914,73.44697633488323,3,48.13877175140959,3,98.37740877207062,1.5309800787118886,rainy
68,58,38,23.22397386,83.03322691,6.336253525,221.2091958,rice,24.368852917432807,3,6.413153902771772,15.395845984336622,377.3990151601595,4.24170639150573,1,11.88543252673378,26.5442576049046,72.79170148098056,1,45.647152908162894,2,63.33575198203821,4.586856058247635,rainy
91,53,40,26.52723513,81.41753846,5.386167788,264.6148697,rice,20.459145741082907,2,6.43288482293385,18.241282308646483,397.4717144170916,7.686282485746422,3,19.80376704152053,43.0149813897197,88.35389727182411,1,25.44276360101112,3,0.8030068386047917,1.4760491681677208,rainy
90,46,42,23.97898217,81.45061596,7.50283396,250.0832336,rice,15.404600446017936,2,8.554866438403772,3.5335211917178566,387.838957847824,3.312374645893745,2,6.024622352933802,65.42929939559889,162.39579093341422,1,36.39975138070278,2,79.21176901091427,4.956311495518364,rainy
78,58,44,26.80079604,80.88684822,5.108681786,284.4364567,rice,15.69649075752503,1,5.962473079366161,7.89643882264818,359.04279531520604,6.142806338720238,6,7.755604910749735,44.776936686283655,196.08297109004903,3,7.030797616012851,3,26.72412345028374,1.5690463286676493,rainy
93,56,36,24.01497622,82.05687182,6.98435366,185.2773389,rice,18.102299560975805,3,10.509164776834664,4.249812524263021,439.9141828695301,3.208669383951548,2,7.552875738109826,80.6212931315953,83.06454514117044,1,40.4247179730376,2,12.45162810967173,1.0297367847931582,rainy
94,50,37,25.66585205,80.66385045,6.94801983,209.5869708,rice,19.74252282682604,2,7.613462956316367,3.9259507614610967,431.6839322952465,1.1538330760013102,4,13.520434354100503,91.7188882485618,78.3083947509769,2,10.157776806077878,2,30.71243535709793,4.410523115565436,rainy
60,48,39,24.28209415,80.30025587,7.042299069,231.0863347,rice,23.34511451117176,1,10.168697865057386,13.214305576708757,386.14283047459605,8.705518065479506,3,14.312229905712677,13.358098388005168,117.26676065919187,3,43.476465497635566,1,50.39889549176869,1.3745635802528169,rainy
85,38,41,21.58711777,82.7883708,6.249050656,276.6552459,rice,12.287843010348428,1,10.748001538790213,18.99798488965525,435.4804751841295,8.55056918740796,1,15.303243639522,31.42938168793934,182.0508467996191,3,14.486082459985944,2,38.68300438556499,1.1359236150294585,rainy
91,35,39,23.79391957,80.41817957,6.970859754,206.2611855,rice,20.505529046999705,2,8.914357978526676,5.605837157503199,362.0769125293712,5.083744266596145,5,6.886703068768259,14.483418321200748,74.4938501084522,3,35.14762403771211,3,77.8685812971585,1.085565894426281,rainy
77,38,36,21.8652524,80.1923008,5.953933276,224.5550169,rice,19.86297771132577,3,9.604758001573376,15.037544987768992,449.099982387764,3.287939301403511,6,8.66938933565357,50.16163399739286,75.75147164765943,2,4.852330346328937,1,83.16991783223679,2.290178559584014,rainy
88,35,40,23.57943626,83.58760316,5.85393208,291.2986618,rice,25.75100657263861,1,5.156131899329995,11.966922691518535,387.84517226922674,8.826688210121965,6,13.41922724517027,21.42755696379507,87.37678676139276,2,24.83894964192667,2,49.834587199231606,1.3075942280167938,rainy
89,45,36,21.32504158,80.47476396,6.442475375,185.4974732,rice,17.850955791197684,1,11.30220543702904,2.5680289175683435,386.9120485709592,8.137254880064633,2,13.331189009949806,90.87507422306253,145.35805048578587,2,43.27565016907384,1,3.070325598982515,1.4701086515910866,rainy
76,40,43,25.15745531,83.11713476,5.070175667,231.3843163,rice,16.92544358289537,2,7.193711117792186,16.94274790637595,380.1545777290284,3.757578539131919,6,11.439381139697474,43.70821709513933,69.95604214677172,3,9.150663021420286,3,94.38189733419962,3.672312161909824,rainy
67,59,41,21.94766735,80.97384195,6.012632591,213.3560921,rice,13.9285897742515,3,8.401741241240257,17.444358494246778,427.3210034453396,4.9411167167386605,1,5.261348665063728,37.08392899537516,177.95358783440952,3,23.13274544495867,3,15.47295955998289,2.4656465098439284,rainy
83,41,43,21.0525355,82.67839517,6.254028451,233.1075816,rice,15.054079970805905,1,8.353858331438325,1.0286659731733572,422.1631803965448,5.1542050838430695,2,5.844103097052975,71.06154282829911,68.9503249773089,1,43.62347417344994,3,20.140472654441886,2.686871510725461,rainy
98,47,37,23.48381344,81.33265073,7.375482851,224.0581164,rice,21.665501586766386,3,11.40035146640266,7.178125230806383,387.1073930580847,2.524754582480912,3,7.674413593102753,66.68658019500681,56.29101402022205,3,33.55821259097579,2,77.15182533785733,2.6293142066193536,rainy
66,53,41,25.0756354,80.52389148,7.778915154,257.0038865,rice,13.741746858175928,2,8.232858165322387,1.2902067748532486,434.99224295037806,7.417834013024693,2,13.420275630579985,66.96630853056874,161.99888092080016,1,21.855042906713884,1,75.12350816058637,3.988721923678906,rainy
97,59,43,26.35927159,84.04403589,6.286500176,271.3586137,rice,25.52548813642485,1,5.029698818479235,12.957018280144002,354.2222341724808,2.3172103907133668,2,10.720871310411214,89.94165562227481,123.91618268614567,1,15.840594303675386,3,80.56353348649273,2.781045257286156,rainy
97,50,41,24.52922681,80.54498576,7.070959995,260.2634026,rice,16.9004052999644,1,7.130601915609544,16.285840161183593,387.0109983219061,4.229277117008785,1,9.288550189993176,34.12657847522734,186.48685102113703,3,27.329056036699583,1,29.00824790733667,4.596199347451918,rainy
60,49,44,20.77576147,84.49774397,6.244841491,240.0810647,rice,14.07087343441151,1,8.20556958897901,18.85925311258835,382.4049654362147,6.409720868261506,4,15.92940372453539,42.57121963780162,54.46000266994612,2,27.513657535428003,3,24.07910118989924,1.169038310400524,rainy
84,51,35,22.30157427,80.64416466,6.043304899,197.9791215,rice,12.41872292580177,3,6.495707284772177,13.90703851581521,385.59068019596657,4.852641176937873,5,6.141819410846823,41.556331929529954,123.11369498702734,3,15.718680974054983,1,49.51670996926777,1.457174298152816,rainy
73,57,41,21.44653958,84.94375962,5.824709117,272.2017204,rice,24.03853195047953,2,7.395417364492115,15.97704743199468,409.13507585559415,2.374012772166458,4,14.308048809199102,45.57980344027099,143.3450708523203,1,33.469149566509856,1,72.29219081889899,3.667281714640228,rainy
92,35,40,22.17931888,80.33127223,6.357389366,200.0882787,rice,11.78666410407552,2,7.827432567657639,19.205834810173457,449.7528366782212,1.161099444786298,3,10.644278367228107,32.18107344470167,112.78792329339365,1,30.478580663185745,3,87.23012611655435,3.8583490632502895,rainy
85,37,39,24.52783742,82.73685569,6.364134968,224.6757231,rice,18.58080280678941,1,10.681930603549745,3.936908658170577,440.5935604117024,4.719268902845018,6,15.78996607668547,5.000830207015228,73.55137622003463,1,22.972076616170384,2,11.030281219282845,1.2581960363365012,rainy
98,53,38,20.26707606,81.63895217,5.01450727,270.4417274,rice,12.173006937040183,3,7.411662488078816,5.978189568747238,437.3522817666761,8.659881716344454,6,10.992251318755232,46.72542365743689,134.2455911192905,2,49.82165834015599,1,41.05329141913438,3.4668364446701974,rainy
88,54,44,25.7354293,83.88266234,6.149410611,233.1321372,rice,23.33402741040184,3,11.435795412825094,1.123597347821832,428.43707637137913,5.118385270098012,5,8.58871956139635,2.002447204415725,127.80651505647134,1,2.910249616931365,1,71.06733199806864,3.478428457663009,rainy
95,55,42,26.79533926,82.1480873,5.950660556,193.3473987,rice,23.978828255346407,3,11.40265470663751,14.23982332784258,440.2770546568698,2.8606047983092937,6,19.940179865130624,18.592823085504907,148.6785351076055,1,29.808356985813404,3,87.44669457509315,4.937106996587655,rainy
99,57,35,26.75754171,81.17734011,5.960370061,272.2999056,rice,20.463412227529027,1,6.288513600129082,15.68068087321974,414.95432438786736,9.040013385591829,6,6.191903207615072,2.7200192410222424,185.9919749922708,2,2.1033043307092605,1,97.66742866354488,3.86799401207321,rainy
95,39,36,23.86330467,83.15250801,5.561398642,285.2493645,rice,18.19548533667535,2,9.659394559081736,5.91500978313838,423.024884017376,2.3715055511692955,1,7.624250507782482,62.71503007028074,57.9637403385222,3,10.362238021056095,3,6.8526759252996,1.049513577841978,rainy
60,43,44,21.01944696,82.95221726,7.416245107,298.4018471,rice,19.47400022303122,3,10.173810986216726,5.6144207297556825,381.3204769233853,6.184190584365346,2,13.158529897373638,45.73350743512405,142.7926757284559,2,3.2353428707002307,2,21.14630519115552,2.208341569439201,rainy
63,44,41,24.17298839,83.7287574,5.583370042,257.0343554,rice,10.470323050276075,3,6.112574760750782,11.560939120014613,446.1576903753747,5.191292845811836,5,19.669808340988297,13.415560327065524,162.2816929151758,3,8.469410839964864,1,42.22708139720211,4.558693861518211,rainy
62,42,36,22.78133816,82.06719137,6.430010215,248.7183228,rice,19.71000774484648,1,10.665139917708814,16.508163220734254,415.2461742627597,8.748923931901139,2,17.747714548222874,79.52545134432043,65.14449898572833,3,44.58429975024805,3,6.113864053934615,3.606250188625616,rainy
64,45,43,25.62980105,83.52842314,5.534878156,209.9001977,rice,17.241898182189612,2,10.912255011011943,5.994164681549803,428.6996405925293,2.601890339800027,3,14.830346646255126,82.17204057073666,161.6658188784206,3,29.801272180384583,1,47.308195054078,1.0867395612698545,rainy
83,60,36,25.59704938,80.14509262,6.903985986,200.834898,rice,23.532235559361865,3,8.76691037407468,8.119286466905507,401.04588920009286,8.410945628340926,1,5.545100233843027,86.37193496156841,74.7326110897238,1,6.334056913628555,1,88.2559796343018,4.937216070656682,rainy
82,40,40,23.83067496,84.81360127,6.271478838,298.5601175,rice,22.691620214136808,1,6.60503715579402,15.55397090533756,437.1088966025384,7.030883615149051,2,7.031841761325804,43.38731405276066,195.8162786796658,1,3.5154381351317934,3,36.92147305256569,4.652537295264811,rainy
85,52,45,26.31355498,82.36698992,7.224285503,265.5355937,rice,10.924939769484348,1,9.8176727910344,9.747403754434998,368.0356909411808,1.8143648596860773,6,14.080812219915186,90.09073038644414,181.7079578905352,1,22.93944674847825,3,15.53085869725066,2.825826540035038,rainy
91,35,38,24.8972823,80.52586088,6.13428721,183.6793207,rice,14.65936235062398,1,7.719460462143672,18.6770593044926,407.8865852923116,4.8469323795326815,6,8.775049596009735,98.9995425042727,130.2798842463123,2,21.9793870975708,2,10.359632793076036,3.257700872428641,rainy
76,49,42,24.958779,84.47963372,5.206373153,196.9560008,rice,15.672750919557645,3,10.14681184399114,9.895260931811752,423.0962709665236,6.42222247707992,3,6.765426686979041,88.5524671721141,87.01920348090971,2,5.510014012877839,3,18.33425108498282,2.243055952362575,rainy
74,39,38,23.24113501,84.59201843,7.782051313,233.0453455,rice,20.81748305905524,3,11.91334985819856,11.206828237810033,392.47297638412806,2.514791433556788,6,18.05209272255442,12.797245190699236,57.79366971753189,2,8.956987271527167,3,3.006486696932764,2.389991554637027,rainy
79,43,39,21.66628296,80.70960551,7.062779015,210.8142087,rice,16.434935959029833,1,8.620858210010176,7.996159945564127,373.4682793057467,4.293714527293529,4,5.724663012476134,51.50982369776087,151.98828590293806,3,39.88277176919184,3,95.62224628259068,2.7800309771194263,rainy
88,55,45,24.63544858,80.41363018,7.730367824,253.7202781,rice,14.83400005660129,3,7.029931524736568,14.434281252135346,420.6499543076612,1.7059432979616953,6,15.951517619057755,11.010510353792712,98.02721357338356,1,17.10798930512149,2,11.032124827970405,4.338717263699402,rainy
60,36,43,23.43121862,83.06310136,5.286203711,219.9048349,rice,24.8121987674652,1,7.1699310899608175,7.122173780010099,409.3179306793328,2.264515487202005,6,14.054509318880132,41.56000215352197,90.25123166275117,1,4.335156741635321,3,40.45347159293695,1.179476422724584,rainy
76,60,39,20.0454142,80.3477562,6.766240045,208.5810155,rice,10.907756040294556,2,9.518815468591033,4.538322562892398,446.2142258989603,9.711797807054229,2,12.277305467128617,98.53192199244982,126.16351024579018,3,6.659135697162805,1,41.29659021359268,3.3426584464698568,rainy
93,56,42,23.85724032,82.22572988,7.382762603,195.0948311,rice,29.146041129266138,1,8.706770211778142,8.006397242835632,364.4324680916244,7.237875249463322,3,9.943805879583564,25.96809287969377,130.24024403885724,1,31.22242222634088,2,62.38411170401456,3.893675454174683,rainy
65,60,43,21.97199397,81.89918197,5.658169482,227.3637009,rice,21.279364223543475,3,9.694557135285129,14.759346365481305,359.3430403515077,1.5614187930812968,3,15.134719809759044,70.62633951527407,101.3128211428695,1,10.19287102298922,3,49.9982438800276,4.331025133020088,rainy
95,52,36,26.22916897,83.83625819,5.543360238,286.5083725,rice,16.404267961783816,1,9.506083980727048,9.96361333023617,410.9776457780935,3.7475816088492815,4,13.665584559067932,14.43284131608662,124.08871632013896,2,21.74750792119669,3,36.90025767066773,1.732768742010205,rainy
75,38,39,23.44676801,84.79352417,6.215109715,283.9338466,rice,13.104904061824998,3,10.10608178157582,17.37441873678496,420.6999516017301,1.835565413096777,2,11.00629674217113,99.43025731792928,141.51172728195272,1,14.240641354573762,2,78.3372724368921,3.656482896888309,rainy
74,54,38,25.65553461,83.47021081,7.120272972,217.3788583,rice,21.98743157620418,1,8.364997214765754,6.428312409954922,372.50119767131713,5.268051691122307,3,7.120670963023565,10.953229601268644,63.70842566808378,2,5.288644975579782,3,73.14725206396203,3.857388005841727,rainy
91,36,45,24.44345477,82.45432595,5.950647577,267.9761948,rice,23.16205187173825,3,11.579201458855032,0.7639098737618966,414.9572079183464,3.5629031070467945,6,6.26214276716537,51.31985891047406,58.534785406313375,1,6.707805125271133,1,83.25806597493758,3.996544549895163,rainy
71,46,40,20.2801937,82.1235421,7.236705436,191.9535738,rice,14.510480330649036,3,10.075854149612365,19.270908923947665,419.8428193210746,7.460449893967257,2,11.346599804821285,70.21030642246134,131.47925278847293,2,10.731507879482011,2,10.484498111926776,4.986762807502485,rainy
99,55,35,21.7238313,80.2389895,6.501697816,277.9626192,rice,13.538539648190984,1,9.153951848687026,17.43376305411903,399.27840636225307,7.792042020666548,6,13.835956010995186,59.3651907576288,53.32331105162666,1,4.531077958351326,1,32.65593194168696,1.5620905056992695,rainy
72,40,38,20.41447029,82.20802629,7.592490617,245.1511304,rice,14.592365270038036,3,10.994239280777904,1.789767905513986,393.2001556575748,3.9017389217755056,6,5.407176816711667,8.700531740345085,53.445356185109375,3,18.26143682277273,3,20.926994270124133,3.256415373141469,rainy
83,58,45,25.75528612,83.51827127,5.875345751,245.6626799,rice,14.696973511495068,1,10.098612476063089,16.102923423795584,425.2990992370175,9.347480667753915,5,18.36459059319938,10.447536091915389,90.09117542879709,2,19.060004487984628,1,74.35069868011723,4.562012264508544,rainy
93,58,38,20.61521424,83.77345559,6.932400225,279.5451717,rice,19.56912273836052,3,8.962662837776401,17.59924760989761,430.7068862283997,5.780798200037314,4,14.367410418916537,1.2100892407415187,67.82375808154919,3,7.734178463661928,2,30.76431714255285,1.1678093088284922,rainy
70,36,42,21.84106875,80.72886384,6.946209881,202.3838319,rice,13.825855174688847,2,9.139950658853223,13.327711148386475,366.15574674408026,3.644763752764966,1,14.745989316097557,28.63624517528301,59.54664820922447,2,49.18398007850983,3,77.93952677708141,1.8753376905284456,rainy
76,47,42,20.08369642,83.29114712,5.739175027,263.6372176,rice,12.798551225078883,1,8.493220515439155,14.79314574382678,361.02091567323566,1.985335032598622,4,7.303002128148399,13.445380845596954,134.0076579778979,2,42.93040374466491,3,66.24336098308976,3.454027593159484,rainy
99,41,36,24.45802087,82.74835604,6.738652179,182.5616319,rice,16.952351417059347,1,10.018050387435224,14.277774807927026,401.1430304659543,4.525618118415284,3,11.81226410781256,47.84099194412511,170.64946473485531,3,33.346448676639675,1,23.656292621719523,3.625787958916628,rainy
99,54,37,21.14347496,80.33502926,5.594819626,198.6730942,rice,15.393957784044227,3,9.361882068000092,2.648310641948524,353.1164708535708,9.107231414495246,6,17.87947383561629,66.87910668138838,60.55799294468706,1,29.336491212143034,2,23.257368366471454,1.4600224768097785,rainy
86,59,35,25.78720567,82.11124033,6.946636369,243.5120414,rice,10.308661233612549,1,7.191549350538006,8.510774774915603,401.4504766264109,1.241607294139976,4,7.32202807288316,23.5212562553598,71.62588155356148,2,33.87827329021119,2,1.9116639478861,4.537207268683988,rainy
69,46,41,23.64124821,80.28597873,5.012139669,263.1103304,rice,18.880685233418696,2,10.831767020718932,15.844308334520589,428.4283883385776,8.275411802198768,6,7.040859781572888,66.47197175806218,161.1511192985543,2,11.679116871575934,1,43.387930202188144,3.100221279464048,rainy
91,56,37,23.43191632,80.56887849,6.363472208,269.5039162,rice,23.365152996616825,2,10.630830430978955,7.055707864747114,431.437947572399,4.595950250761159,4,13.757519351796471,32.29148179612109,139.16901748610525,1,40.37082457952749,3,58.590449975548765,2.538025948530431,rainy
61,52,41,24.97669518,83.891805,6.880431223,204.8001847,rice,18.82594598228736,2,10.805946367333611,1.5682839911427404,426.82988928449737,2.775087902476876,5,15.476558419761076,41.72254045993387,188.18436225462816,2,6.203481960846608,3,75.91396560628976,4.2086307992241565,rainy
67,45,38,22.72791041,82.1706881,7.300410836,260.8875056,rice,26.46537120009733,3,9.143613979505744,14.5416924741046,392.14531137505486,9.76133822014606,2,7.14944570440716,31.222512485403364,92.15260517357126,2,4.194985620642871,2,75.06507363965994,2.9699200803837047,rainy
79,42,37,24.87300744,82.84022551,6.587918708,295.6094492,rice,28.479208747976088,1,9.982401859212954,16.820796568383592,352.6022202925,6.496361727723572,6,11.314347532403602,85.20503231387296,108.033406931707,2,29.125179044374285,2,52.85013703914488,3.748161739200655,rainy
78,43,42,21.32376327,83.00320459,7.283736617,192.3197536,rice,26.958458153643253,3,11.513024035041528,13.171620444337286,405.7932062139446,8.959053347735628,6,5.511130495515904,15.560573364494925,127.8709880901036,3,49.68373215866776,2,44.23937121236209,4.465167105403804,rainy
75,54,36,26.29465461,84.56919326,7.023936392,257.4914906,rice,12.692405256703813,1,10.107386654563172,16.370263035927152,378.88278792276606,5.711948512456132,5,14.354384400048602,30.005963650270363,177.6444672214584,1,4.970428090272394,3,79.4798521508006,4.561682533023239,rainy
97,36,45,22.2286982,81.85872947,6.939083505,278.0791793,rice,21.74293462232248,2,8.555142534523862,12.921630582099963,387.7311859883452,3.054852950064713,2,15.385554829755966,22.17683939975881,110.18419685355283,1,27.3841084861136,3,3.7155727391854687,4.975013598385738,rainy
67,47,44,26.73072391,81.78596776,7.868474653,280.4044392,rice,11.75158593268405,2,7.738664534793937,8.817489638097593,416.6140621933331,7.950500850109946,6,11.479111183478434,47.62393832842167,104.4842425093012,1,6.983647225825362,1,62.49022737819724,3.767585951435315,rainy
73,35,38,24.88921174,81.97927117,5.005306977,185.9461429,rice,16.512010148068555,3,10.916537773149614,2.841273670684948,391.0619312352157,2.625693130482998,3,7.382253533992833,81.30788103914537,98.5371975997906,3,34.22210086121554,2,48.72180390853752,4.367224224978273,rainy
77,36,37,26.88444878,81.46033732,6.136131869,194.5766559,rice,29.615404320651862,3,6.984510379676158,2.261604010333411,442.4042944499589,1.171969895212413,5,16.56948169978149,85.82209094624453,162.12832940612995,2,36.65283920631073,3,34.56122926492523,1.552999309360061,rainy
81,41,38,22.67846116,83.72874389,7.524080076,200.9133156,rice,25.61909630611916,1,7.693171089062004,9.809661026988328,417.594528247409,5.675302324647516,4,18.79716620642527,20.122956874708365,198.32016072814443,3,38.47677764247125,3,91.77639502384388,2.5104863034093494,rainy
68,57,43,26.08867875,80.37979919,5.706943251,182.9043504,rice,19.69262826236996,2,10.20137176731399,1.1079885820330926,424.7263248932942,4.292831893960805,2,17.068146137334224,62.13732416015099,82.9523141465906,1,27.78524893870808,1,65.2888596700758,3.808248085280934,rainy
72,45,35,25.42977518,82.94682591,5.758506323,195.3574542,rice,11.875026900296128,2,9.96686366052047,1.393476353571308,359.42617040101936,1.3295956163114628,2,7.40716422874189,74.64723652678093,135.7377885014937,3,36.01261617977819,1,33.10591165125892,3.181773323564408,rainy
61,53,43,26.40323239,81.05635517,6.349606327,223.3671883,rice,28.761611146685205,1,10.212025418448317,5.067830179901323,387.74246291258265,9.60990064731802,4,17.63028251830553,6.947564227419035,94.50164703380148,3,31.01741999333536,1,57.30462164897895,4.556014599317104,rainy
67,43,39,26.04371967,84.96907151,5.999969026,186.7536773,rice,16.7470551416293,1,11.322839349737604,3.009587967088847,365.87111715462606,2.3570732927293525,2,7.020516362405225,99.31161833505556,156.71569404413762,1,39.72124751888767,3,60.26723564198137,1.7535621686631453,rainy
67,58,39,25.2827223,80.54372813,5.453592032,220.1156708,rice,12.612552024800824,1,8.168906404433727,16.111398131742526,361.3941933555856,1.400432280475421,3,8.36075029867662,5.256702169123928,192.22689965854005,2,31.935297187524963,1,75.56094196383658,4.843657322960674,rainy
66,60,38,22.08576562,83.47038318,6.372576327,231.7364957,rice,28.298454436135017,2,9.381699483527832,17.497149089540137,371.3671497925157,1.978030141671313,5,17.25455607177455,12.726035399916547,80.39865991915731,3,17.068090813193482,1,62.23285165297112,1.7260055689391591,rainy
82,43,38,23.28617173,81.43321641,5.105588355,242.3170629,rice,27.219011180701177,1,5.569152367667043,17.033311807471673,405.5040918139793,6.070042779991108,5,16.185987168945253,92.529345725829,194.8462494962094,2,32.031400995774945,1,63.603897970666736,4.69763303207872,rainy
84,50,44,25.48591986,81.40633547,5.935344406,182.6549356,rice,17.8886838179578,2,8.449936908327008,10.593161540395338,388.47047426130456,3.940238365811812,1,5.183824357892965,79.06296965868911,197.88295846111785,1,30.201742560194123,3,79.19770372686067,3.741958327988631,rainy
81,53,42,23.67575393,81.03569343,5.17782304,233.7034975,rice,25.94992794053368,2,11.85680927654324,6.485574932046092,415.9530824293208,3.270701597479804,3,10.026937780528783,4.281976211538052,102.7245311499158,1,39.15509050264488,3,64.53883907891502,4.349212315669888,rainy
91,50,40,20.82477109,84.1341879,6.462391607,230.2242223,rice,12.50657530419173,2,10.671771298160095,4.410430124774289,396.471249525371,6.972058538748989,5,11.432461995579867,45.20504156684125,136.02909931446464,2,2.854875355888659,2,52.18373864732552,1.1669671425606056,rainy
93,53,38,26.92995077,81.91411159,7.069172227,290.6793783,rice,28.25910002250434,1,6.378760462518726,18.90867635000677,352.4409810980666,7.699751399011879,2,16.213774194747153,83.04973571425558,69.7809545775652,1,20.2378475395106,1,57.558778592883385,2.296473029385508,rainy
90,44,38,23.83509503,83.88387074,7.473134377,241.2013513,rice,13.91157577786971,1,6.990586093261763,18.1621749859216,380.0805206318279,6.6768228384878165,4,17.141311350605257,3.976145351830307,186.9294298835475,2,24.12238200946591,1,98.19485078778192,2.5650189438392497,rainy
81,45,35,26.52872817,80.12267476,6.158376967,218.9163567,rice,10.664596611430836,3,10.30512371925064,1.9802437947808715,383.25166153387386,5.786553038348169,2,12.463467033144376,21.71469305735925,165.79366141632315,1,12.37146533845328,2,12.092905072536308,2.5105887784097,rainy
78,40,38,26.46428311,83.85642678,7.549873681,248.2256491,rice,17.122876153973998,2,8.443883260881767,3.3772935322157904,399.3725140164827,2.710678978084017,4,14.8599732487736,89.47333635932176,163.60040788315183,3,41.68499536239421,1,1.9891436792416228,2.206593657295648,rainy
60,51,36,22.69657794,82.81088865,6.028321558,256.9964761,rice,16.194472911082855,1,6.42389127289027,9.298748203306834,354.79099601781576,4.388515720640965,3,7.985093996001121,33.91551511398264,184.354922400092,3,19.049281995863986,2,31.95272039870628,2.710607987097604,rainy
88,46,42,22.68319059,83.46358271,6.604993475,194.2651719,rice,23.81684773602596,1,5.122433172035966,13.975935842613731,357.582393683782,4.551065766778282,1,7.284444179427627,88.79185465173238,118.59008039681912,3,29.93185195556929,2,48.16128032944297,2.4927184961230173,rainy
93,47,37,21.53346343,82.14004101,6.500343222,295.9248796,rice,27.740009084178773,2,5.42947414856075,7.130239308961157,449.1218921098511,9.14554523917223,5,7.411669392147853,69.62919254848961,125.66994046168377,3,6.845270438197776,2,90.86432426533774,3.7703017173233935,rainy
60,55,45,21.40865769,83.3293191,5.935745417,287.5766935,rice,11.523065573544692,3,6.462053281841766,18.371658193412344,392.9445046447296,1.2835124229095598,1,10.642500799949506,69.65347817072832,130.37475284044007,3,7.711555753164584,1,8.729263909014783,1.4643518692610047,rainy
78,35,44,26.54348085,84.67353597,7.072655622,183.6222657,rice,14.7774823617743,1,6.99683917257488,14.834502651212183,388.5297715339604,2.054593533311688,3,15.945053506781145,5.211421652847859,172.4208991438148,1,24.699916131253584,2,19.9188175750872,2.7611641386973265,rainy
65,37,40,23.35905428,83.59512273,5.333322606,188.413665,rice,28.968310478447773,1,10.339150689269,11.0566832088382,421.0235609131879,9.393009250160304,4,5.484538541649057,29.137157431355643,81.77991296914234,1,13.155469273392306,2,55.35620492885723,4.282289822503507,rainy
71,54,16,22.61359953,63.69070564,5.749914421,87.75953857,maize,28.15611423752392,1,10.4576601616066,14.635145836663543,418.1292073546417,8.563344115067382,1,17.403104220998536,91.2104516914188,162.70904483875375,2,15.252876265844725,2,61.72390606857003,3.795894645249465,rainy
61,44,17,26.10018422,71.57476937,6.931756558,102.2662445,maize,20.077735685013888,1,10.289859638018283,12.841988225487285,365.4848925326893,8.453087186021335,1,14.256065491378326,15.849372917478943,60.31843581473337,1,31.10022803850989,2,6.801556749727022,3.009500931401725,rainy
80,43,16,23.55882094,71.59351368,6.657964753,66.71995467,maize,15.374348473394676,2,6.339511862572754,0.0957347460947244,418.97470876214027,1.0828255895455383,5,9.989453729079614,52.25777314483076,90.038070568537,2,29.017744501451453,3,77.9288728634444,4.85950927979083,rainy
73,58,21,19.97215954,57.68272924,6.596060648,60.65171481,maize,27.03065827167512,2,6.344720978162365,16.29883251302163,409.4140461799825,5.081608308320408,3,7.358802371161817,52.054374876759866,121.56979071519592,1,11.182231203060228,2,67.65339695294185,3.565479847440921,rainy
61,38,20,18.47891261,62.69503871,5.970458434,65.43835393,maize,26.64690297120908,3,6.945164306014915,17.66803320023015,422.2249570742907,2.367882777802868,2,8.262650457055916,55.32698827597444,135.4694481586128,1,34.88815235496136,2,44.148870019065626,1.411349381547519,rainy
68,41,16,21.77689322,57.80840636,6.158830619,102.0861694,maize,16.916115717602835,3,9.282074793155324,5.5415496813857,427.29145013841145,7.96086524570133,3,10.351651775804458,63.23212380945598,156.83349954557946,1,10.084132267556612,1,64.89237361237468,3.855729270734928,rainy
93,41,17,25.6217169,66.50415474,6.047906679,105.4654703,maize,23.187377578327315,2,10.018629748924496,19.115083906627884,361.9329794791084,9.169777905327692,5,12.177475707156416,49.22027462850708,70.01148158526053,3,1.319744225232916,2,2.800504151089656,4.977450806470273,rainy
89,60,19,25.19192419,66.6902901,5.913664501,78.06639649,maize,23.96198764939306,3,7.974367761373823,12.406600507956444,375.0466957498826,6.035312524317499,4,13.496860600121634,62.613064678750376,69.1423489369196,3,1.8606160719431108,1,47.86273638760582,3.6201363654359566,rainy
76,44,17,20.41683147,62.5542482,5.855442401,65.27798457,maize,25.43969221505493,1,8.128670502444741,11.342437973246067,365.6036279502623,8.104929796744013,3,5.778014622307045,73.55118791501147,127.23637324936809,2,48.569130915607374,2,13.021129364594408,2.9723159844104035,rainy
67,60,25,24.92162194,66.78627406,5.750254943,109.2162279,maize,18.810809946739603,1,7.355747703474254,4.952370142135402,410.56049975561785,3.287584989466832,2,12.550304099257463,73.15099475398165,97.43424879026092,1,13.16491571416553,3,62.70727287874255,1.3781879213463348,rainy
70,44,19,23.31689124,73.4541537,5.852607099,94.29712821,maize,18.35536638092298,3,9.938918604408634,10.706750345132791,394.4056601902954,3.2437906076985428,4,13.103252635674144,31.93416461738077,143.0151720293891,3,16.213898432091277,2,66.24277217211676,1.1993949698890676,rainy
90,49,21,24.84016732,68.3584573,6.472523287,74.05474936,maize,15.475575411009304,3,11.285436917010385,13.773911528099836,366.49567072399606,1.03443993947727,5,8.319287108668323,45.22873452598076,130.07543366050697,1,31.587129294230746,1,31.914456082520186,1.210945364128046,rainy
62,52,16,22.27526694,58.84015925,6.967057762,63.87020584,maize,28.81810743413301,1,9.36311331410015,6.868265821161971,362.51840622472565,4.311333351785014,6,12.549366890834856,46.3821341471032,156.5443354532003,2,4.844258560297576,3,17.86729936411161,4.357799119499675,rainy
92,44,16,18.87751445,65.76816093,6.082973754,94.76189431,maize,16.51598934276396,3,9.541492150387434,5.342120631199774,411.5608582911162,3.69998278888429,2,8.480648425783688,4.178685433798812,64.90979248812386,2,5.237154050854781,3,67.76069582065286,3.571591728432276,rainy
66,54,21,25.19008683,60.2001687,5.919045532,72.12375573,maize,20.220159164922585,2,7.423576255500406,19.145718543100244,351.65914469014217,1.6325832025301086,2,14.146164946984475,70.05089554978348,163.91622978418593,3,5.792494299249879,1,52.42581981447745,4.794256796005639,rainy
63,58,22,18.25405352,55.28220433,6.204747653,63.72358154,maize,29.564409215525536,2,11.192985136397244,6.478686875887258,357.8076384307208,1.17251688037859,5,8.076160620007826,88.470864632309,83.2757211170948,1,10.756825058653646,1,14.994566171085175,3.839186640820356,rainy
70,47,17,24.6129118,70.4162444,6.600827017,104.1626147,maize,20.02109254320799,1,10.772228518270596,12.045762640050942,392.7139043478131,6.401624076069764,5,10.867535362615891,12.799899994777451,111.69765438364496,2,31.73682078681336,2,64.72764247946668,1.4137416188734484,rainy
61,41,17,25.1420613,65.26185135,6.021902237,76.68456006,maize,29.5640657810272,1,9.571397394060488,12.421020602544797,395.6082094108026,4.875638659867684,5,13.672334019978845,34.756039188882816,102.32510768412166,1,29.04560353566869,2,4.41334308885687,4.254663478706797,rainy
66,53,19,23.09348056,60.1159381,6.033550195,65.49730729,maize,17.777308012949078,3,8.139861891424822,15.694184583565391,394.98459197401326,6.419780586046405,5,17.545024846230945,25.57019968665985,166.57231522635095,3,33.10010699498457,2,57.63680063022102,2.4721631055805333,rainy
74,55,19,18.05033737,62.89366992,6.28886807,84.23613484,maize,28.361883052679257,3,7.681525712895155,18.63277517605433,380.7963324132751,2.640846091740541,4,13.71699861924386,86.71488486432531,55.12069480853036,3,16.071264008579654,1,49.73906723092462,2.04522576754565,rainy
77,57,21,24.9321581,73.80435276,6.550563823,79.74078719,maize,25.08406622790464,1,10.397123987862376,15.484854483085044,386.8619027811957,6.717954629661662,5,9.15477207376625,94.91474203223623,169.53659841875515,2,4.953312485140815,1,73.17456535822878,4.491385538631137,rainy
99,50,15,18.14710054,71.09445342,5.573286437,88.07753741,maize,16.483831774064306,1,9.379188921868618,16.88292084900617,371.8112027959144,6.918472121701261,4,7.470003928218493,26.76354361960353,86.61070677800393,1,37.86246984239875,2,42.23117351554303,4.159630333864085,rainy
74,56,22,18.28362235,66.65952796,6.829199275,80.97573281,maize,10.557327891943224,3,10.83192583282395,17.988080048208047,364.679340186274,5.316890644844102,6,5.201145336322493,83.78298076978213,58.47081771157484,1,10.753839484866251,3,46.47527079661836,4.466445884409916,rainy
83,45,21,18.83344471,58.75082029,5.716222912,79.7532896,maize,20.709097635329297,1,9.891744119864368,0.0028699831011058,435.28434448948826,9.290833683244204,4,18.19873965724357,57.89451147131556,178.5840260359625,2,0.775878150027759,2,49.554728913830026,2.532466667747218,rainy
100,48,16,25.71895816,67.22190688,5.54990242,74.51490791,maize,21.22619485890013,1,11.947405276289771,13.947580594371525,431.98059043394665,2.3667708969986765,1,13.41172579969479,40.98109660839617,179.69058134877503,2,44.03384055147534,3,82.44241544906274,1.492170729707151,rainy
79,51,16,25.33797709,68.49835977,6.586244581,96.46380213,maize,26.550300867005102,1,11.9112554720343,12.725374709602653,417.6657456963728,8.410889148419427,2,9.752331183752151,72.02096613988199,128.99762556641122,3,37.18264427443312,1,72.44831092389418,2.498723847592176,rainy
94,39,18,23.89114571,57.48775781,5.893093135,102.8301942,maize,19.783968908523512,3,10.335042866881452,14.65783855206299,414.8819147289122,3.3402567324689043,3,18.600387231393107,13.059975510986089,116.7154630883587,3,13.657851892941968,3,61.85552093917713,4.238195092373365,rainy
75,49,15,21.53574127,71.50905983,5.918263801,102.4852929,maize,13.366998531307289,2,5.212174170651337,0.4351669681668157,393.0346068562641,4.107909745784703,6,15.237957415469394,9.183958155483774,109.0361329204643,1,3.224739326113818,3,9.174379745815454,2.468851284186345,rainy
78,48,22,23.08974909,63.10459626,5.588650585,70.43473609,maize,11.766911669745031,3,10.02693325768997,1.131060427028412,374.7561366651767,7.131052626309331,1,12.617373927469494,43.373526023124576,79.36313101485527,2,0.0510002765686468,1,84.8327609721675,4.434976689320607,rainy
87,54,20,25.61707368,63.4711755,6.576418207,108.8303762,maize,20.70903958586095,1,11.925229223232812,0.7877098121617987,402.94879540520617,1.4514109657922438,2,10.481830006234032,62.5663983211316,194.4653717875761,2,27.61743818470897,2,52.211015030209495,3.333349557907917,rainy
87,35,25,21.44526922,63.1621551,6.178056304,65.88951188,maize,12.024365136909855,2,7.025473918542891,9.636454275820574,437.6674881049109,9.09043841303276,1,5.136479448650119,1.4722843513942374,138.7770689068788,2,8.463016371367049,3,76.41745343467062,3.8996705146629873,rainy
63,43,19,18.51816776,55.53128131,6.641906353,90.988051,maize,10.825667707107044,2,11.593728814565369,15.7705200275212,360.1340384618379,8.290345462926442,1,8.441099099484457,32.116045569709584,68.20600730927012,1,34.45421746666232,1,97.22599820831896,1.7256139508085837,rainy
84,57,25,22.53510514,67.99257471,6.489040367,64.40866039,maize,10.31015108426444,3,5.321100794191025,12.331107898263792,393.3839594354544,7.908178584669154,2,12.315468996415266,68.69956434618702,62.52098834181867,2,42.75667705665569,1,20.84317515988414,1.969948393458228,rainy
64,35,23,23.02038334,61.89472002,5.680361038,63.03843397,maize,25.994938800495667,2,7.929225231230511,6.930290324954798,391.6898360979191,5.892073429989431,6,5.4727001471613175,72.31552202033662,98.300501869008,2,18.163902811084125,1,88.01318654695997,1.4725103509437498,rainy
60,46,22,24.89364635,65.61418761,6.625404348,87.9298085,maize,16.11860233000442,2,9.35492288249931,5.655700625847202,390.82424230746005,9.110038220829544,3,7.909937165868556,15.725754102822108,138.24007836765517,1,28.89583402726419,2,46.75688870362095,2.3080612227485044,rainy
98,44,21,25.77175115,74.089114,6.524478032,107.4931917,maize,16.18147559658525,2,7.139734066592972,15.377594807872253,380.3692118643177,7.406696247023722,2,8.957046138169506,97.0858262796244,148.0560576055633,1,42.66952219581532,1,76.81332346451318,1.961053696399036,rainy
75,56,18,19.39851734,62.35750641,5.696205468,60.95197486,maize,15.5097196119876,3,5.693955811265353,11.440690741372029,403.2726882501837,9.441555378948523,4,13.591520198316868,38.8699702273552,181.35636770905035,1,49.07879005776542,1,97.46042299404664,1.3899369084084277,rainy
86,55,21,21.54156232,59.64024162,6.803931519,109.7515385,maize,25.40648231124742,2,5.421761267587175,13.953796326708794,422.9332074015874,7.539780823844976,1,14.528664099794987,33.132219921217384,177.3899730581817,3,40.20983673008141,3,48.45018632155897,2.5564549267760683,rainy
98,35,18,23.79746068,74.82913698,6.252797548,91.76337172,maize,22.6919053080773,1,7.98570892490657,5.310167614140995,431.1193253745016,6.160676196620697,1,19.932663074827303,53.36238643447064,175.05313499022634,1,9.796705667526378,1,1.292525891338303,4.450859980605886,rainy
76,57,18,18.9802729,74.52600826,6.092725883,94.26249353,maize,28.78459200639457,3,10.550047413011114,10.823207722509274,449.69869557543313,1.5458254697100964,5,12.708877059990156,37.19198005428698,161.27349181695152,1,31.39389387190536,1,32.851751957607924,1.0800769088964608,rainy
99,56,17,24.10859207,73.13112261,6.234330356,71.07562236,maize,14.69504496019837,3,8.677477727721634,12.647115269211902,428.6027601702945,9.33354619218928,3,7.805512640876092,76.31931037232788,79.44767278280503,2,27.40076666098465,1,93.1186238383711,4.454077982323488,rainy
60,44,23,24.7947077,70.04556743,5.722579819,76.72860067,maize,17.626428704420114,2,10.166162207907812,6.967887724695856,366.41285411311605,8.579635315418768,4,7.04495444822971,0.5614210194318514,132.20877116174552,3,30.613258217909824,3,10.72321818421571,3.4127390044597345,rainy
74,48,17,21.63162756,60.27766379,6.430616465,69.21803098,maize,25.58405607247876,3,8.843296433572885,3.353474748424652,424.67630974491885,3.747302982036841,2,9.30491297798995,0.0381033382592321,166.04727940670887,3,49.238614344595824,3,42.82098612293197,2.7049325457675977,rainy
89,60,17,25.37548751,57.21025565,5.983952675,101.7004306,maize,24.3952801312897,1,5.585151224634395,12.193613817481111,397.44774475788194,1.1333539918115116,3,7.48417760834058,20.801617420111285,132.88521727386944,1,38.34958003502755,2,39.830284969298,4.356934287952017,rainy
69,51,23,22.21738222,72.85462807,6.80163854,106.6213157,maize,22.423386416477808,1,11.840331199765425,7.247076081947183,420.9445594706832,1.4025280830112834,1,12.516766964632325,57.08770912648716,173.4000279177962,3,17.01691588992606,2,1.8351307727198167,2.7722565624488817,rainy
96,46,22,20.58314011,69.00128641,6.499936446,66.29390357,maize,14.48966526248931,1,10.19123093058968,6.263832316038447,437.9304508700769,3.178371540879528,1,6.179459216687517,27.91645471998552,69.14680302954363,1,43.288909777026646,2,30.937605912470023,1.165076098841824,rainy
61,60,15,24.87502824,68.74248334,6.265564338,91.26056654,maize,21.26041449846777,3,7.077418010925226,18.38791521505286,444.7979525227851,4.640238746835432,2,14.25565105036076,8.67008251978656,107.43116395731514,3,37.54157773631281,3,46.6022956628057,2.424669745784972,rainy
74,58,18,20.03728219,56.35606753,6.727303282,109.024141,maize,25.00861027953608,1,8.508133170032366,11.605523824306518,417.0069817058546,4.610375789148433,1,14.898992302488637,79.4704144449591,115.02329779434896,1,19.15039368622492,1,60.18168394840999,2.621815978355224,rainy
74,43,23,25.95263264,61.89082199,6.325235159,99.57981207,maize,27.45962737569484,1,7.886227116144518,10.125153639385562,393.7830108957594,9.254137836951292,5,18.84619636055549,55.00597878693748,105.38261729102705,2,23.449073423157067,2,87.90359432778183,2.939576457583108,rainy
63,43,17,19.28889933,65.47050802,6.807487794,71.3195307,maize,28.43589067014948,2,5.280586264089705,11.568013529157705,411.31808573902697,1.662285212306121,1,10.161683027589696,99.899746444624,60.8791805192695,3,0.415997807100954,2,37.65267991942805,2.1206651641150205,rainy
99,36,20,20.57981887,65.34583901,6.671085817,78.34604471,maize,25.405561379933715,1,9.201812197219205,17.266212873463843,352.76457613836914,4.567640039742477,6,15.44392517727786,35.86732171213733,64.62263325490517,3,7.016145355521291,3,25.79387958751332,2.08504325443238,rainy
77,36,23,24.71417533,56.73426469,6.648725327,88.45361858,maize,28.443769919769352,2,10.106009914388904,18.907173706193174,354.6669244953803,1.957987265238022,2,10.690410886054764,62.755731142764446,128.23188523274808,2,12.888195788450934,2,8.233446456835347,4.422928323306293,rainy
87,60,23,20.27317074,63.91281869,6.439071996,62.50351892,maize,17.177087805545685,3,5.817462300480618,8.715019816474074,430.7242209915556,5.375129377106358,5,17.843443008937925,99.8719349760149,149.42298760922466,2,9.70094513455853,3,76.39186277298457,1.8219530335234864,rainy
60,38,17,18.41932981,64.23580251,6.474476516,76.41312437,maize,20.860039409441107,2,9.47085517222036,13.718946933245252,385.2710083445663,3.246225075939655,5,16.156766220071802,52.33152627394014,53.06463216807005,3,8.562627921297716,1,46.64749572651732,1.8470540287088064,rainy
94,54,17,23.39128187,61.74427165,5.871647806,107.3198135,maize,20.17302945406609,1,5.311372444842171,2.148343142310252,387.5190857000952,3.814075766569502,5,15.9843322606809,11.17464953993984,148.77804162927305,1,45.40735517488133,1,37.40208752815976,2.3117452723016947,rainy
95,38,22,19.84939404,61.24500053,5.730617109,100.7689246,maize,27.24057149159221,1,10.281803884113703,17.994566879219242,422.457909913992,4.428488420270796,3,16.042398139731425,18.97444431762033,95.12348051277266,1,21.44507400630273,2,10.091052507469955,1.0804518903373794,rainy
84,44,21,21.869274,61.91044947,5.850439831,107.2681929,maize,25.75189006255298,1,5.097418919103131,14.517392342677564,429.385195418356,7.232329331053059,5,17.830242001772373,20.01839654357567,151.19603335103704,2,6.918201163979182,1,49.486356806029406,3.1335152328474685,rainy
77,58,19,22.8056033,56.50768935,5.791649933,101.5952794,maize,14.633805874356844,3,9.954512637879551,3.1753905233687707,421.1541811026011,1.2135070499086016,6,11.779800803995949,11.566829253446908,170.47018716051412,1,47.95011897171934,1,64.45366800148746,3.8524893551723816,rainy
66,44,20,19.0781471,69.02298571,6.740000688,80.72515943,maize,18.41980355150965,2,10.19609968097122,14.580834811815995,395.0214147076055,4.5176373435578885,1,18.44033845699176,40.460341506329065,118.15717889321736,2,20.9461017281176,3,65.24624992163848,3.850412236324358,rainy
63,35,16,22.02720976,65.35549924,6.272417541,83.73280082,maize,11.813093986606347,2,6.036377526282939,10.235403137206866,412.9796765255336,4.2463672030004735,3,6.752577796524776,74.16172432657592,97.04732635043786,3,42.74847621343011,3,78.44525777731768,2.935125027092456,rainy
79,45,20,23.80546189,59.24537979,5.715208817,89.9622014,maize,20.040852237917964,3,9.79578208333223,3.486653634704993,361.7889226115452,1.946336142127029,3,12.647647546034134,10.364412091450523,129.4272078394163,2,24.95214587934916,3,49.070343250123415,3.832164311714721,rainy
72,60,25,18.52510753,69.0276233,5.773454729,88.10234397,maize,18.104902150279425,1,8.233334952892696,3.1383006712790062,436.45429971958566,8.915273023719175,6,12.35777406031272,14.65827099700151,111.92986900866882,1,3.287193052337367,2,79.35478134213156,1.045298115698056,rainy
67,51,24,23.50297882,61.32026065,5.584171461,64.77791424,maize,29.26467351986148,3,11.723327994690862,1.3117254962609337,370.4720044173768,8.769848378830542,3,17.65818882510448,50.94086544519703,185.46798667770727,2,7.825643121583337,3,17.055777258179205,1.7681207817849396,rainy
86,36,24,26.54986394,72.89187265,5.787268394,73.33636055,maize,19.331725558633,1,8.041045784160316,19.151375942437493,390.8523909704385,9.406392646116164,3,14.080907791274898,18.22983797970228,156.80611532643263,2,25.588450972813497,1,80.4747861467936,1.8969972900536152,rainy
76,48,18,19.29563411,69.63481219,5.77597783,83.21030571,maize,16.30111470104408,2,10.958720364359795,17.95663201732216,363.0267580498317,2.0069585760048225,3,6.353349425990796,78.09352144477624,179.1024591202059,3,47.26280770116056,3,48.36953463874125,1.5303967710357689,rainy
75,53,18,20.68899915,59.4375337,6.864793607,103.651438,maize,15.481196021626536,3,7.958415540105081,3.34396082120066,421.30261683249614,3.909939612493895,3,15.249649775290164,98.6789299589765,96.76359102397306,1,5.056436652040841,1,67.94038247613823,2.389896602465805,rainy
81,45,23,19.32666088,68.034493,6.192360003,84.22969177,maize,26.570913509730723,3,5.187140972272441,6.686084000418142,377.58557225776354,8.673550763440826,5,6.289926997973194,83.34257056734201,74.37916665193858,3,48.97569636312716,1,60.998213770414736,1.9544220112424564,rainy
73,45,21,24.60532218,73.58868502,6.636803223,96.59195302,maize,15.55441258248264,2,7.663928217899676,14.59940131025338,448.06664727103794,2.1835081036811514,3,7.028913355459454,81.54280710856095,156.22444744804625,1,17.633760302655915,3,18.153460725171733,3.5421068690387645,rainy
71,35,24,22.27373646,59.52193158,5.826426917,67.96704792,maize,15.74570393886939,3,8.523533077749091,15.552504119160194,369.1809942625622,2.8698357838089,1,11.492621903101632,16.639564220213366,50.5137904119127,1,0.7452125730909365,2,7.521921937457732,1.1035824553247244,rainy
96,54,22,25.70196694,61.33450447,6.960358276,83.20711308,maize,17.363971184414066,1,8.128524498155933,6.881733231566569,386.26761176327057,9.324581466058012,6,17.796992944319314,24.098825633487607,56.75320571605474,2,41.79832878736197,3,81.82954559295081,4.427178621334322,rainy
99,39,18,19.20129357,68.30578978,6.11275104,87.85092352,maize,16.247215558153485,1,8.592736669086673,19.14323710780399,426.6477759505081,7.53403387068593,4,8.19155341180029,39.94142728060136,80.9585165361021,3,34.24992127187122,3,21.849380643025608,2.6918938402807577,rainy
62,48,20,21.70181447,60.47470519,6.708446922,95.71388473,maize,18.8732305939474,2,6.74855112668991,17.675737752571116,403.7226708414982,9.308117935977796,4,5.694703592205469,70.61923112928065,86.32779065484485,1,43.39631070634125,1,49.3664607137875,1.3242316175244104,rainy
86,37,16,20.51716779,59.21235483,5.561510732,67.61013737,maize,24.77973159794391,2,11.122159845105015,14.859952978688687,366.9931264906183,8.784357098673777,1,12.021268024084389,47.36218569514181,125.67340631304896,2,45.26653983050325,1,7.374460104874214,1.192419163819559,rainy
94,50,19,23.30355338,73.62548442,5.873242491,97.59081274,maize,15.79416857957826,3,6.683881117699223,3.954434061064725,435.5682059726941,8.371270672689072,4,19.810718774191947,62.30045966805792,83.55117940975367,2,0.3228383223785158,2,95.28385816711362,2.244192422886826,rainy
76,39,24,24.2547451,55.64709899,6.995843776,64.23845455,maize,15.119546282543409,2,8.456038632738139,4.804740482390574,424.6786165885767,4.043798906552058,4,11.7169467609228,51.11855813356543,72.83044951894448,3,41.52588147021503,2,55.53001222798426,2.039435540550364,rainy
77,52,17,24.86374934,65.7420046,5.714799723,75.82270467,maize,11.787229925774788,3,5.89279330798145,12.592767775125523,448.923313693228,3.1897094180513594,6,10.358573006493405,10.030387975043595,118.75556175231566,2,46.38342263149758,2,39.942503331754274,4.068601268951715,rainy
74,39,23,22.6265115,65.77472881,6.78073637,88.17251033,maize,27.32199653303682,3,11.193790191540508,7.629118354377753,352.904880652595,7.310568444434592,1,11.181807936951836,57.01158612337706,72.75606820523552,2,22.76717165305709,2,8.06113152367054,2.567881446027299,rainy
81,49,20,18.04185513,60.61494304,5.513697923,104.2321615,maize,13.140268766996403,2,10.196607975259784,3.4832115534787733,397.4356174963996,3.278206564057909,2,5.414770671610774,44.74638447315101,88.40605515252025,2,46.19669037166359,2,38.31235820233824,1.1168902416254172,rainy
63,42,21,23.26237612,72.33125523,5.798423908,67.10225139,maize,17.31523561761122,1,7.849243177135962,4.095620810916083,365.4540671963635,1.9559260646112968,6,9.164329483559474,5.081291415735745,111.11511016724111,3,18.00706004626559,3,16.36278637811406,4.103625650038794,rainy
99,38,21,22.88330922,71.59722446,6.352471866,67.72777298,maize,25.15275199373277,2,8.371245021323062,14.481232333635486,415.7635745919353,4.22405638094979,5,14.381723879647334,96.47137923862668,183.8360159360633,1,28.07849199312776,3,3.130629430080556,4.09170459542183,rainy
90,52,25,25.97482359,69.36385721,6.822586546,103.2234212,maize,21.98964006860073,1,10.342484070593438,16.583664875326335,442.5406299173002,4.599840117844138,2,7.911198715414407,50.71018392194593,117.7791919535364,3,42.68537362266174,3,89.51313080277625,2.874749671453941,rainy
68,40,19,26.14384005,66.20569924,6.655426355,107.2361366,maize,24.61074581078945,3,6.174129143559844,9.881363275835517,418.1281007802853,4.2311166570450895,4,5.461923401636004,45.54954262915827,132.00618789090888,3,7.326573299707261,2,4.535363379647251,3.0036833968613936,rainy
60,57,24,18.66116213,61.55327249,6.121294041,75.03247667,maize,23.856300168189968,1,7.266250392248363,3.060514275280659,406.4379210866088,7.947931521547467,2,5.850574917101877,43.67301931020937,153.60052412097752,2,21.19415053899066,3,11.761352922430223,4.855731659520144,rainy
71,52,18,25.10787449,55.97732754,5.790770203,78.16077693,maize,24.418857520447084,3,10.551891892896808,12.403388216696632,366.0808225771917,4.257854167941089,2,5.796895313422025,57.41985879079804,109.84339982647128,3,42.497834861926925,1,89.56139640297094,3.704657757419396,rainy
61,59,17,23.33844615,59.24580604,6.47444292,105.0083144,maize,22.223938666202645,2,9.928580901950046,14.578745903626064,387.5294136828265,7.015706358179632,5,16.94774083646296,4.494926318313763,191.48394745399847,3,10.23664028612304,3,68.86234029016124,2.717228890996,rainy
88,38,15,25.08239719,65.92195844,6.455116637,62.49190812,maize,14.870988392069222,1,8.714014557173432,13.271228463631628,422.059478644224,3.5768913557038435,2,6.4368910550950975,94.98265612730184,132.18604929157254,2,0.9075737494833092,3,99.1862892798888,1.5964223622074538,rainy
65,60,22,25.36768364,72.52054555,6.606984086,107.9124111,maize,15.390627022479428,1,11.342605622109431,13.228410890052553,408.2629918504056,7.741397000539391,2,16.914679824672614,83.86720481900898,163.20158796758875,2,43.69142349568697,1,31.129592541073205,4.86315181451786,rainy
78,37,22,25.34217103,63.31801994,6.330554389,74.52082026,maize,25.52928577439126,2,8.27430762483107,16.000444339875692,449.11370290856553,4.996667305023241,6,13.233219736724235,31.699481285984543,184.61170512474547,1,49.47928111598519,3,33.96147441613348,2.8233235864546296,rainy
78,58,15,25.00933355,67.816568,6.528631266,62.91359494,maize,21.418969534149536,2,7.381552115301711,14.920389000514367,382.7387502341104,9.32175524470922,5,8.082137765739834,2.4411191940279298,119.7061575911174,3,22.81370437253355,3,36.59740104019218,2.2958042811275843,rainy
92,60,23,18.66746724,71.516474,5.721667141,69.93293255,maize,29.79614445339352,1,9.157163231052252,8.015793974322424,370.5752005160799,7.763379453224758,6,19.39015242122025,56.43846684781507,113.78725148276588,1,26.33810709276608,1,68.43907762157919,1.401792744961284,rainy
79,59,17,20.37999665,63.73849998,6.644205485,108.5054416,maize,22.52220633019757,2,9.02671098190191,11.163760408298602,377.1710347331981,6.831260208833757,2,15.069717386741758,76.4686880037692,79.49257075458524,3,24.74026417240806,2,44.73949871069311,3.245678594622081,rainy
91,55,15,18.09300227,72.61024172,6.376651091,78.96159541,maize,22.16050304824517,2,9.293838829229468,1.4510100140192297,429.06159045266776,4.086805039836934,4,12.19923480815148,95.38151251706743,69.08408655433956,2,18.87466219807,1,67.90228913508464,3.0462904527202275,rainy
76,51,18,26.16985907,71.96246617,6.247040422,79.84925393,maize,25.203148573763222,2,6.433505948475184,15.85709417488098,357.1869299069623,7.055220948922785,2,11.609298480327528,73.88308625300832,51.708005261829,2,25.516598302408084,1,10.017235240924972,4.376680365359048,rainy
87,48,25,18.65396672,61.37879671,6.656730008,93.62039175,maize,10.829340209454172,3,11.10019077910031,17.25430693483319,418.16223693941504,2.519905146189566,4,17.489674137213534,64.99441265306486,107.80064147950878,2,37.45337343765176,2,16.907763631837504,3.565962259806854,rainy
71,60,22,26.07470121,59.37147589,6.2048017,85.75692395,maize,26.51320154509817,1,11.597738092839382,14.285398465332989,424.2189782376373,7.035000808853337,6,13.335002940254167,43.88541612350818,168.15983659460858,1,28.23930788314811,3,34.16548714568012,2.6256857111032224,rainy
90,57,24,18.92851916,72.80086137,6.158860284,82.34162918,maize,14.204733068318305,1,7.511533173691788,2.905776711170591,357.474461591779,9.399769903758653,6,9.965544067494417,47.73270601351744,157.48038245153631,3,25.107784176170966,3,31.024511334985693,2.6750850648406,rainy
67,35,22,23.30546753,63.24648023,6.385684214,108.7603001,maize,14.644122612068678,2,5.673489469340444,5.600581230132036,442.1524629505832,1.9791372467954105,4,8.06972771146671,32.76954018189521,87.94052548675873,1,6.1797061831319,3,40.395851596587086,1.1305515437416358,rainy
60,54,19,18.74826712,62.49878458,6.417820493,70.23401597,maize,27.443328277090263,1,7.0227758283696,19.398892142744344,427.49133042636936,8.568352691783055,3,5.1944866892726616,99.42325184651747,129.96462966860045,1,9.082351746830067,1,45.15901144503276,2.778748669210386,rainy
83,58,23,19.74213321,59.66263104,6.381201909,65.50861389,maize,23.87750584277257,3,8.630778875689666,18.8342416418148,357.11508072541375,5.080115727781574,2,14.17929793257815,27.71774119138405,191.1797472721646,2,8.449766810802368,1,91.71148311263607,3.641138981661048,rainy
83,57,19,25.73044432,70.74739256,6.877869005,98.73771338,maize,11.318500163338104,2,11.4356263702707,7.367576322865088,356.09461966300614,2.8785687512696008,6,6.310274384944956,99.38119141134656,155.84674722568252,1,21.19410047753736,1,25.961516341020385,4.1695748950379015,rainy
133,47,24,24.40228894,79.19732001,7.231324765,90.8022356,cotton,28.15176428350772,3,11.955776009621214,11.08083798541207,392.08986740457584,4.695821304347842,1,12.099801993788905,85.40715087311865,109.26891104685524,3,38.46134963376464,3,68.02076696864347,1.439020925003649,winter
136,36,20,23.09595631,84.86275707,6.925412377,71.29581071,cotton,25.180208907319944,2,7.699290418161665,7.197522686034141,404.1230358724431,7.778894115907043,4,12.070334008191304,29.3301447773372,107.03346401279396,2,15.307644584172683,2,6.137302526801392,2.2860047366533163,winter
104,47,18,23.9656349,76.97696717,7.633437412,90.75616738,cotton,27.74253815910057,1,8.745028257890997,15.603674976603203,350.3601471144205,3.8729622757471502,4,17.567928764578088,71.64484159111477,104.12017826725751,1,0.7720179223026591,1,79.10298233065387,3.670252488175495,winter
133,47,23,24.88738107,75.62137159,6.827354668,89.76050416,cotton,14.713067683521118,1,9.95690591265646,17.404727154425906,418.0982208429959,5.29070969311196,6,15.97491022386533,27.954159782431653,89.52382420142655,3,7.7608456130557,2,35.402222227436866,4.436006882542839,winter
126,38,23,25.36243778,83.63276077,6.176716425,88.43618918,cotton,27.36776018446006,3,6.416953204079634,2.7281910512790675,437.423465947126,3.8703783047229616,2,6.543027340063996,33.46864086903457,174.02835566705485,2,33.400583749590815,1,36.55407893042033,3.672545177107925,winter
126,50,19,24.69457084,81.7358876,6.628722836,78.58494391,cotton,26.552156408079167,3,10.129147866317142,12.799494901222651,419.6961158553345,4.258425854221295,4,10.697538972401745,89.80737201169843,128.37322086780338,2,29.254426470281057,3,12.278700047022785,3.2003145681395506,winter
113,41,20,25.0017188,80.53965818,7.256877571,96.32600992,cotton,16.55843681624998,2,8.579862214019014,16.405636456180986,395.5142655898112,7.794219005255698,5,5.819710634487638,31.63598794615073,178.67179927151457,1,10.835636642198264,3,36.0268631433922,4.556578168541916,winter
121,45,22,22.45942937,81.30681027,6.443785385,64.23026638,cotton,17.731656666551252,3,10.263876923889867,18.57957030481279,391.58740589986127,1.0925324953994249,2,9.89666636967814,77.70747338432817,149.45025430962647,3,35.27045568596509,1,57.87737558142855,3.35342276063425,winter
121,47,16,23.60564038,79.29573149,7.723240151,72.49800885,cotton,12.053316118446787,3,5.230294451819854,5.732803086369493,409.31818927800487,5.372018034515619,3,18.88689174102189,62.437928824163706,147.20971780241263,3,18.75187453265028,1,24.036190512940493,2.072035605645054,winter
129,60,22,24.58453146,79.12404171,5.947448589,71.94608134,cotton,19.96078418278641,2,7.963666543720995,12.463024786384032,424.5597416379186,4.472672717247164,2,15.108542334918804,24.15995215583202,79.1857549214844,3,49.152541957163045,1,12.420410648160408,1.971814516230436,winter
107,45,25,23.0865933,83.55546146,7.227745516,71.84080724,cotton,19.26752852271388,1,11.778235179133643,2.5848840268927176,372.5699987975912,1.2663080251503462,1,15.262781461660069,13.39615899461074,83.87280823515061,1,31.848073284652163,3,73.8536845695366,1.975062782558186,winter
122,59,18,23.5000992,83.63488952,6.219469084,79.81328183,cotton,15.499224597901106,2,11.522603942528242,18.183149392868383,378.6989028975375,8.321196329223717,5,9.709491411229388,57.79310255760484,199.20101231526823,1,31.476969101152218,2,97.13714617392648,1.2999811783033226,winter
140,38,15,24.1472953,75.88298598,6.021439523,69.91563467,cotton,20.14844764267223,1,11.263396494389593,3.5469471265631336,391.7079448119956,3.919075712071068,6,16.75268018528669,41.6501605994882,72.6739770822027,3,12.925644049047852,1,35.69201501899556,4.9827527241577485,winter
102,49,21,24.69315538,84.84422454,6.253343655,89.799462,cotton,20.412640997085227,2,9.47102263300408,9.5961367158153,380.664141353043,2.8063090301049947,2,12.603308395687003,31.3139622375319,188.73347457189928,3,47.44298883836125,3,10.98211625466914,3.5079747253130944,winter
111,40,25,24.484692,84.44932014,6.187455799,90.94342484,cotton,19.62375841771384,3,8.131240889369506,18.132260798013988,370.5996019770353,8.386367017874296,3,13.267600689994126,21.36041333983646,59.234874881477324,1,18.03746085964169,2,87.77633147185472,1.9177994224069768,winter
131,35,18,24.49112609,82.24415809,7.057693366,64.02949379,cotton,21.64441452211161,1,5.130420458515761,12.539926183933602,351.7499825728234,5.1341826227804175,1,8.454061083806492,13.079243500530811,76.11877588535036,2,14.802124600130162,1,72.00251533792262,3.819400421538704,winter
135,43,16,23.47986888,81.73049149,6.720449769,86.76287924,cotton,29.540618719300586,3,9.73780575553948,19.67592797634712,393.0088382374352,5.520647811516404,1,12.179633540231311,11.983669715567755,95.16569532665643,2,19.571437705459577,2,37.509265126747295,4.839959410381383,winter
100,46,18,24.18586246,76.04203958,6.431689506,69.08056728,cotton,13.46017893156329,3,6.769630559847569,11.926986090826182,374.0821407480896,7.468823608217285,5,19.379321381251906,76.41057578574383,56.82282248985309,3,48.34980529262561,3,0.0732771551713473,4.032387994778632,winter
123,39,24,25.00755095,78.17952126,7.453106264,86.06411872,cotton,25.451043959019973,2,5.450609756798874,14.561291122170225,373.3117907934975,9.682291487971431,2,14.641495741262371,60.91771178464786,159.6303245962132,2,18.175763458679373,1,73.99698152051417,2.5378162992915434,winter
117,56,15,25.99237426,77.0543546,7.368258226,89.1188212,cotton,10.904882585409904,1,6.611569616474132,12.188095014964828,405.7825221380586,8.764136830392598,3,12.279267875031955,86.53946101505369,161.77995862720428,2,10.903805385839672,2,7.615969274712652,2.2728908168651176,winter
121,36,24,23.66457347,81.69105088,7.352401887,99.36898373,cotton,14.073355684063886,1,7.231411225977618,9.055657280819773,364.53270821073056,8.059020382757954,4,6.112562444052075,4.057829067310714,159.23748821557956,1,39.84932522728855,3,38.046937555546535,3.77394163190111,winter
101,58,18,25.66891439,81.38103349,6.652143699,78.59595817,cotton,27.81550260634695,1,10.656090212883411,19.83642343205428,413.8062052511188,5.61108637756993,2,10.783717374547942,31.32553918753187,68.87109012508323,3,16.056923214249537,1,7.45490066245007,2.191200978658704,winter
107,42,24,22.04612876,84.62978302,6.144631795,86.00758678,cotton,16.766984283148666,1,7.011374838983805,11.614276926453435,376.48286322921257,7.374192756996922,2,5.006916159749311,40.96368923766816,192.08180975102624,2,13.38511950392835,3,66.26871372790183,4.650178179856588,winter
100,41,22,22.4204752,84.55794703,7.318802162,93.46595573,cotton,28.371856639154164,3,9.210787081190144,18.542511827064803,431.7404550138395,3.4765659547602974,2,11.61445808470716,37.23698618973456,81.23566601135084,2,20.022704668355264,1,31.807785395596365,1.4878121571954348,winter
125,39,21,25.03149561,82.21276599,7.954629324,95.0191318,cotton,25.389506442999338,3,8.699757899631175,9.291155984956518,390.1334567180708,6.490102725461301,1,13.75949150703064,77.9132640255481,181.2150130763364,2,38.17305861459076,1,2.4402431880092834,1.5997781580550448,winter
105,60,23,23.53371386,77.21705554,6.207652157,87.54004943,cotton,16.03414939021262,1,8.890457606870449,13.083673827561086,374.3683109613544,2.7801573010201777,1,18.601445330672867,53.06598697099145,141.9852223927301,2,44.41560328454103,2,34.93332038418638,4.886453001060524,winter
102,46,19,22.77076388,82.5993307,6.631005298,81.49543437,cotton,18.788352745099555,2,6.524711838644853,18.132296514481087,356.8775740122797,7.125961150394913,6,12.244670222516978,81.5500929277901,175.20228947499794,1,3.0518096558960983,2,52.86390654497723,2.7725691023139576,winter
131,49,22,25.49848236,79.9751579,7.306918817,67.05961949,cotton,18.305105619287808,2,10.364054606247024,5.804300556590516,365.41887242615695,5.378809010519477,2,9.516371205622862,49.27118072929883,140.7413931209254,1,47.02620023338281,1,9.555144618643608,1.6778813259510046,winter
139,35,15,25.248679,83.4630147,5.898293044,86.55517751,cotton,14.897121614712535,2,9.42837343370543,10.954925170606888,367.2667563248214,7.11717116720989,1,14.916183771511976,74.26872923606575,143.28337589266903,2,27.212137008629693,3,22.695007718847528,2.744706079544496,winter
108,36,19,22.78249615,77.51235009,7.238566893,64.61444234,cotton,25.840350215857782,2,7.449663623939765,14.090090335296608,441.78934846838615,6.786972148930851,1,6.455849106837389,82.1279826091589,138.13067316391346,1,38.899494610335424,1,37.83360826682076,1.3076102600485435,winter
118,45,23,23.37044424,77.43198948,7.977651226,71.67870701,cotton,27.146712359936515,1,7.048998021004702,9.663174629190683,386.2054331027368,6.300996280001526,4,6.90310627082483,52.73674984778831,198.2633189264652,1,48.29346606170724,1,36.62356957228623,1.1517124601557778,winter
107,51,22,24.86560781,78.22080815,5.983075895,79.56866268,cotton,20.29456309019759,3,7.672901302405044,19.64294876319872,403.0252003615748,5.50922576933047,6,14.96591701276284,24.919602686303865,94.53131341632512,2,31.291900239037496,1,14.897813856217043,2.794146792100462,winter
125,60,17,24.14386157,84.51591287,6.785723961,80.36146974,cotton,13.104822277411008,3,5.2380290717357765,9.829434228942649,363.34137845092175,8.248410306883107,5,12.478509235084678,15.885072218634155,56.382029648308986,2,46.36784593915917,3,58.52650653742594,1.2160704932196689,winter
113,37,20,25.03300222,79.04368718,7.393441155,97.10087029,cotton,20.72493921446361,3,11.79632103946498,7.459591263195263,379.082425662472,2.736074565624937,2,18.577987110679462,41.24176654635223,141.12587680711164,3,16.310988822139468,2,92.68418186695952,2.9686097950799843,winter
131,52,16,23.65724079,84.47601498,6.486068274,88.54479121,cotton,29.052629196736945,1,7.638445276990009,6.237417031451214,428.9912942208484,2.2485304549899965,4,6.77374974902325,30.71993742060716,132.26659088462736,3,22.56525622668624,2,80.84568734237124,1.1570695113994094,winter
115,48,16,25.54359718,84.09229796,7.175934962,88.94245493,cotton,13.534667485478328,1,7.174165988779304,19.04331529167664,424.1510879875234,8.774174910090501,3,11.448186446270526,70.12886318669163,104.4420320671254,3,32.933887648066026,3,69.79383095899672,1.5994700009596778,winter
113,38,25,22.00085141,79.47270984,7.388265888,90.42224164,cotton,23.388197721763337,2,6.675978604610906,6.984465302075797,358.7862440180498,5.089879132858498,2,11.482222240258755,23.53401886022472,83.36220378606667,3,5.834697406921857,2,44.93298668426583,2.057124794288806,winter
111,41,18,23.64328417,78.1258666,6.10539819,80.96157332,cotton,25.703843421335844,2,5.042195988491201,8.601495748613381,385.5707664476288,1.940663617738732,3,19.083346493044857,58.01378616361883,189.5644399706865,3,34.006209353796045,1,80.93485958017843,3.016105705670116,winter
111,53,19,23.96436009,78.02763149,6.419536555,84.63148859,cotton,24.612350370749787,1,9.933686503383129,16.279915298855023,403.6620998948868,2.823956348100763,4,12.355143445089553,78.02783991460164,132.23336948200455,1,5.913048462057108,2,82.34808245660746,2.680242661859615,winter
122,48,16,24.65425757,75.6350708,6.307585854,61.82980133,cotton,23.94513129849401,1,8.928584142699053,7.06179738062966,364.2675572824239,8.649918777709786,1,5.428441060440491,95.86357335482812,110.12290359038155,2,32.8635621902962,3,28.0116829815946,2.537135738827808,winter
108,46,17,24.3017998,84.87668973,6.93221485,65.0247867,cotton,10.893473198635954,2,10.08373113797298,3.9358448765710654,399.7727236433949,3.705209348583125,3,14.423943901095331,4.951688716808478,73.30732639108447,3,36.264292729096645,1,54.60347379983076,1.7247284697617409,winter
132,41,22,24.29144926,81.02453404,7.810865753,90.41694635,cotton,18.16567313749778,3,6.946458734128365,18.4516548792447,396.5445042647143,9.2404749631236,5,13.853139119483233,3.672449476420992,158.875942161854,3,30.114403359677944,1,52.913698619602734,1.7894509813278012,winter
103,42,17,24.29470232,84.61527627,6.527541661,81.05902285,cotton,10.950341192921014,3,10.151309655748838,3.420297467084774,388.46093759492766,5.582075950204377,3,11.251599775792222,74.9204389900727,111.66790528806304,2,15.61122086808636,1,16.756663653133952,1.2012077616535597,winter
133,50,25,25.72180042,81.19666206,7.569454601,99.93100821,cotton,12.356822407038637,2,5.814740524688752,19.255800603106948,446.2518285548885,2.70099141855056,5,5.746376412601678,24.373200035119847,198.85529488313992,3,24.51508785140528,2,77.7423197071933,4.812279891661529,winter
127,37,18,24.87663664,76.30050373,7.041065585,91.9223468,cotton,21.42811371676072,1,5.457210684558276,12.985560919701124,394.9594380003614,6.647956323883029,5,16.26583970526756,74.74421807387068,150.15861990749454,2,6.771608780020999,1,13.487324004847846,4.106624320742881,winter
110,39,25,22.60612115,77.34264002,7.208795456,75.13617229,cotton,19.20594693836033,2,8.270083920039438,8.367184645797977,434.32774055279054,6.351260892520663,3,14.13206420276677,45.951737120773096,69.17362155791035,3,32.35894482182171,2,86.85752244723486,4.497163284906004,winter
131,38,19,23.86814008,75.68339729,6.814341946,90.4547185,cotton,14.077493384495256,1,11.752059124277896,19.21532640279905,438.602221577484,9.968953928627243,6,8.62626571728173,12.653194512390066,190.94487581847693,2,17.712528214043527,2,58.67322566300185,1.4733820949536771,winter
108,38,24,23.41022496,76.43836957,7.442217061,78.82199603,cotton,22.91270387755548,3,11.18279265524372,5.481892506943198,382.5196264773826,9.302335437558048,3,17.041560862472167,59.26940336328378,53.43846084784839,2,40.68077991495638,2,36.174270948917,3.5718657298515266,winter
122,40,17,24.96440768,81.31677618,6.854558957,80.03995829,cotton,21.080100035680427,2,9.364610876016208,2.9271108646512367,433.3213432233627,7.498809617663081,6,6.150484113796052,25.580870190991146,147.55935061973446,1,35.11018868528435,1,8.433993175711517,2.941031093157038,winter
111,50,15,25.16820129,80.30351815,7.884550475,84.62419032,cotton,16.446264715540345,1,8.919073520175008,3.676154353828447,414.6803777868065,8.425970755263307,6,15.494936546545905,25.390876606654565,167.77064746707694,1,43.916187044545765,1,1.5214516912189446,3.8255592818403694,winter
140,40,17,22.72767171,77.07598065,6.006085786,77.55176318,cotton,28.651471114102804,1,11.114211342146731,2.9824252548794705,382.2187609468167,2.335460172614348,1,15.190903184692964,25.091289064833656,165.17017328031994,1,19.8775290985029,1,60.93492251710073,1.9107718294553728,winter
100,40,20,22.45145981,76.25674874,7.432043735,86.84998693,cotton,12.808849928179969,1,11.81328964976978,11.21620710335652,403.9755539596891,6.405026613263242,5,11.88872131683578,89.56458775494617,143.70680006155115,1,6.202160617644953,2,29.11056699660324,1.097307815309963,winter
123,50,16,23.04920461,75.53835214,6.498052108,70.65644296,cotton,13.858547155976744,2,9.354336506825092,9.953738376692794,384.13793125542537,6.856893643644829,1,10.916862686670434,12.986825240417089,147.23531360005626,3,22.021138762734427,3,21.806255938188706,2.284079521392807,winter
107,36,21,25.29250148,75.66653335,6.205263534,62.64174227,cotton,13.75048118487548,2,8.57706875090549,15.363657399398829,352.17829430470425,2.709760218482492,2,8.121680877770583,14.44653865790164,134.6839331670297,3,44.579170554334326,3,11.598617592232552,4.567257950852788,winter
118,50,19,22.95604064,82.33733678,6.360812227,66.48339303,cotton,28.133405808609727,3,7.351589844112478,19.48736833138378,431.94945515124914,5.358479877765539,5,5.815847806346584,65.83464416471226,166.09544676544482,2,17.956391641312518,1,80.6860874778635,2.9349276296983646,winter
103,51,20,22.80213132,84.14668447,7.046607434,91.6389565,cotton,23.59786597594137,2,8.2678961751759,2.871317121556445,360.12789074603444,1.8288906005972985,1,6.684298590669576,31.242267525532974,165.65608019107017,2,3.853887383258292,2,10.576808559063576,2.9959695625912515,winter
133,57,19,23.54234715,75.98203329,7.947011366,84.12536744,cotton,18.496974931381,1,5.456600314634341,13.259173626449712,388.53193332374,7.760505860034132,5,10.590836490841497,32.69961064470955,72.33558555901921,2,32.21281191543937,3,39.84200085946706,3.33493171572539,winter
129,47,20,24.41212325,80.80343786,6.281913858,98.60457373,cotton,25.658079513064248,3,9.042823844892308,10.103214175633743,371.8106890652331,4.213637008856952,6,14.646191956104303,58.85647833499469,150.88962236027547,2,30.75466462223505,3,83.58091978846177,1.2689889557438132,winter
116,52,19,22.94276687,75.37170612,6.114525877,67.08022574,cotton,11.299444545646748,3,10.08396838839369,14.59494589995392,360.9387416283293,4.74716782755805,5,13.215552101093696,65.10915994588645,104.5190869980034,3,3.672825917807143,2,2.3663271972851563,4.884827216836367,winter
114,40,23,25.53676123,81.13668716,6.753978061,95.4262599,cotton,19.53734149013836,3,8.211086305922594,9.614688279037209,354.1407482579642,3.732395355357436,5,18.66929705929652,29.6847401708668,187.63211963423333,1,0.8228097238958176,2,15.602045354034244,4.055317019746899,winter
131,60,17,25.32023717,81.79475917,7.425041316,83.46532547,cotton,11.368837456120149,2,8.816594487390685,0.3156213259620588,392.41565692017673,9.826030445070014,3,19.75281430561502,13.418535334500238,72.97582053038352,3,29.76609937804332,2,64.15550840614524,3.247005147557258,winter
107,43,18,22.426733,81.53480799,6.745104394,65.54475812,cotton,23.39587454955139,2,8.921316309333184,7.795046195045994,379.0155619795568,5.066455865382414,5,8.446782800396454,50.7437285969786,133.75254055073822,2,43.96852194473964,2,29.701184310001693,2.8713812053772427,winter
123,44,21,25.78544484,75.00539324,7.641116569,91.39578861,cotton,16.989144158084784,1,11.11529225937914,0.7295328252160793,398.3178779259425,4.886379170702017,2,19.29746523639279,93.83030322951052,115.45965542586548,2,23.415335205717163,2,46.63679227783927,4.879503781827148,winter
112,49,25,25.68959532,77.90621048,6.470135478,66.19426787,cotton,16.548476182735968,1,8.102046048722038,0.9594015654352585,353.7443802359333,8.940130057945872,3,11.445036356813228,75.57576663299153,196.3036365283328,1,27.063149132499927,1,64.40016425030977,2.9412223847581944,winter
119,44,15,22.14593688,82.8597549,7.091992365,60.65381719,cotton,17.927525764518553,3,8.96623863596472,19.029153577895265,397.3128062150633,1.3967414520049983,3,19.5995219209858,23.69599570115527,114.74288319379257,1,48.87402315936698,1,48.34961649137095,2.9835382348903567,winter
130,59,19,25.07278712,82.50257909,6.520403794,93.51042684,cotton,18.39284468693581,3,11.617691965140017,4.592301521774709,411.6124798892004,2.791544240883138,6,18.51561310880552,79.95477775039265,111.55123078154232,3,31.862310121157893,2,41.460292977783794,4.157859012748555,winter
127,53,24,22.21506982,76.17851932,6.127939628,70.40557612,cotton,28.28785501593033,1,10.651890766766137,12.279560410488005,406.3559725922266,3.3122460650360144,1,19.10525268417253,42.569033077842654,118.81855400711676,2,16.759417087699163,2,14.74816755921422,2.874441364259564,winter
134,52,18,23.9643129,76.59175937,7.994679507,76.13090645,cotton,20.18986891815401,3,11.216177439580608,5.8969720759305,422.7666727143589,4.734976408775425,6,16.95816687397687,28.91747696800716,124.49528681289584,2,2.8477566172317506,2,66.3107406693747,1.349766288939899,winter
109,36,18,25.40059227,76.53237965,7.524707577,62.5138867,cotton,24.22831197302924,3,8.613266387278342,6.519033364573681,365.1912146423112,7.511357096390567,1,17.041413536263462,95.87193779503632,95.96432240050252,1,10.975537971306732,2,22.28862878301343,2.995600355731928,winter
100,48,17,23.7805123,83.03878838,7.827877818,66.26555904,cotton,28.177092280000103,2,7.245895374782523,16.83879083610578,411.75945998901545,9.85472497317278,2,8.10484183197612,99.216638493547,98.6687847794456,2,14.355624187448962,2,34.8257502963094,3.2106785765750288,winter
132,52,19,24.16402322,76.7433897,6.436691764,61.94626051,cotton,19.89646830056421,3,10.804023470209728,19.338018797763564,381.54457505677385,2.5432862758432613,2,7.814507975108542,65.41354078230823,103.66412530165331,3,38.19362146774877,1,32.22375032542995,2.091110754154142,winter
102,37,25,25.31468463,77.91757121,5.907930899,72.82902109,cotton,18.1786187139122,1,5.178290862765839,18.13407894270338,356.0045768973722,3.37206655013728,1,15.557433503554815,31.550125705435928,115.07131093177586,1,0.6031900057873574,2,83.38894045853674,4.259559344710851,winter
111,39,22,22.60361557,80.3509046,6.135025006,88.57395505,cotton,25.065182462428773,1,10.08944135593795,17.571937730412866,377.5556467310298,3.831940698107392,6,14.466007584582089,54.36771667925756,64.67934168250915,3,36.61745228841443,1,42.52966207350389,2.392077312836356,winter
117,51,15,22.9535715,78.71555832,6.044556594,99.75336197,cotton,25.76628827538024,1,5.592013854303504,8.390318789236437,431.131650347325,9.179226528254352,6,8.572740906285082,81.98425082376126,147.87500524727858,3,35.885202998956736,3,23.291139081656485,3.306983159599747,winter
136,36,24,22.74446976,80.41198458,7.59781958,90.07326633,cotton,13.467257051310288,1,6.062233006437458,15.5188307016596,400.3356827960958,9.79535812948036,6,6.641312474685122,72.7151523464044,182.0958155847244,3,47.59362168428595,1,75.95540772356551,4.143892130743773,winter
134,56,18,23.80834611,83.91902605,6.691268104,70.97358303,cotton,22.873426498240647,3,9.065676466358717,11.828669523887532,404.52874884660633,9.339148192728784,2,12.787337726186744,87.26160734748224,199.3239390961693,3,30.50413277816428,3,83.96540776900801,4.439673833448767,winter
112,54,15,25.46228792,81.56641891,6.175492306,76.88582484,cotton,22.76091181290154,2,7.386374826438994,6.1537849960961495,398.1470695634857,5.700917639637359,4,19.754520311569376,44.22490937532035,82.29613921373789,2,13.960754528985644,3,15.731727941785678,3.835107660339237,winter
105,56,15,25.96779712,81.97904282,7.272316209,74.14169043,cotton,13.022598702062304,3,11.809362025557908,0.1831600038530156,396.0909221177417,5.014479723361223,3,14.884890757034707,30.0516860144041,117.21200367055792,2,22.316850434674706,1,44.92553979198437,4.17737487115499,winter
140,45,15,25.5308271,80.04662756,5.801047545,99.39557151,cotton,24.064683454107023,2,11.508539472849543,13.998674565573324,428.9813666051365,3.320507894185029,5,7.804737871401688,73.10490604309965,74.79008678109258,1,4.248663134646103,1,74.89848150051472,4.168670734974292,winter
126,46,25,24.43847399,81.69801729,6.757457943,60.79645852,cotton,27.904626369169414,2,11.754195476803131,3.597513708237716,443.2702606334837,7.42526349465857,6,15.551570915686904,79.44196312121973,152.93451220153014,2,3.104145924264934,3,83.21858964188698,3.2033850543922817,winter
106,49,24,23.03887865,76.47039772,6.983395573,90.64770699,cotton,11.074538017793024,2,6.883082739087616,6.627340403171624,427.9341285220829,7.761244933785096,5,14.067149851961435,85.93575540239962,135.43701561765482,1,39.27648104951812,3,29.60282617145097,2.2817908366668846,winter
121,53,19,23.51308653,76.72621429,7.976889498,80.11272117,cotton,28.914272623918485,1,7.931491404456913,1.0831561350996188,414.5398333736644,7.9765460438031965,4,12.862438027581144,93.42653644843072,59.97389337799559,3,40.8434161056684,1,67.05678364391477,4.855826023576963,winter
108,60,17,22.75805656,76.75768356,6.558902588,97.76600619,cotton,27.198144361077667,2,9.352468944495424,3.474253862975638,408.6695069597138,1.4167656776265622,4,7.39685945679343,67.16843519724114,128.67267650647986,2,17.095188460778875,3,22.64489584716195,1.7986080328796237,winter
116,56,17,24.71252544,77.7293114,7.979090365,85.24963302,cotton,27.25517702793857,1,8.095487396564256,17.28670417570428,375.6970971156829,6.87013604898682,6,8.532349934760967,10.784445777547468,82.92349760862379,2,34.33353590354385,2,5.645844384372323,1.2849472978780403,winter
100,52,19,23.45969093,82.44777468,7.903528673,93.50153555,cotton,18.14693937063096,1,6.259547853655869,18.71049916374301,358.3806884002048,7.903640036293845,6,19.12519490700633,11.593773261884088,101.24255467488209,2,29.8112756733523,2,47.26517324644933,1.1178466486469365,winter
129,43,16,25.5503704,77.85055621,6.73210948,78.58488484,cotton,18.25119166815632,2,9.846418472622364,19.35145071950972,403.5119885768368,6.895821423792727,6,16.136255805220966,16.930808537915464,127.10205805068446,2,19.210768382586902,1,85.21689981482926,1.7077554941749495,winter
118,44,23,22.08458267,82.82904143,6.691690476,67.06459777,cotton,11.97656288098738,3,9.932916505559009,10.411331323890469,428.9127337715887,4.46972997760623,4,11.417062100772055,82.30579120911639,188.86501570851527,2,3.976749933629992,2,53.784179222459926,1.7567328842269223,winter
117,43,25,24.68854799,78.51206972,7.839849298,69.31153566,cotton,11.85753074361109,3,5.815439838678499,1.2804362251307475,392.3362362817738,5.994470645424461,4,14.799086401847935,14.015417092366732,152.5063049534814,3,39.73068609409254,3,26.535610312955992,2.4968274666990133,winter
126,37,21,25.84997269,84.16855231,6.61448588,77.03421249,cotton,27.24570257396686,2,9.062056008036237,4.4776403519396695,354.45783306873136,3.384221477244054,4,16.56920958267621,70.02841333536716,158.8562078594927,1,10.392941728960064,3,12.216221126342464,1.016429751951086,winter
120,48,16,22.46054478,75.40989245,7.456971816,71.85436078,cotton,19.11463327968256,2,7.231303593125018,3.795707815784852,441.9517549248638,7.0427733643497445,5,16.89087111460446,64.98478526789985,59.79659947949696,1,40.4709250429555,1,8.286654204706457,4.562280408280323,winter
102,45,16,23.65629976,77.52425987,7.2942193,74.8984994,cotton,20.017110778545348,2,7.687168112600203,15.213949270597508,444.9521990314827,6.910347464769371,2,9.024254760135705,67.8433725368516,78.21373884062353,3,44.91389285465697,2,43.91818332949588,3.346505226593783,winter
131,56,20,22.00817088,81.83896111,7.762647875,92.23645249,cotton,19.292906949041857,3,7.583181167762778,6.333184040442661,386.3464442481928,6.944161684202751,5,14.65131344066336,52.86706157446772,75.57770860579086,1,30.272533052328185,1,80.53832359598032,4.743608000731834,winter
114,40,17,24.32630461,80.13456404,6.363406102,69.45072055,cotton,22.065704318970912,2,9.269441149821509,3.2645398750779053,432.2661112817719,9.94540873529359,4,14.564653710694856,44.74239243001102,71.19616412063493,2,15.786405729711628,2,9.172952536950053,4.455575020315186,winter
101,37,18,22.92360984,82.68738535,7.63737841,92.91915074,cotton,20.7554159609588,2,8.617874563563923,6.723813702969026,409.31363506845713,1.123275620241906,4,17.910165198809295,77.39191934681148,144.46740640892386,2,2.3616627853399184,1,43.80830583715942,4.972600054285735,winter
106,46,20,23.43821725,78.63388824,6.200671976,81.15072105,cotton,22.22145513378657,2,6.671864132446136,14.605737127677894,387.552957685502,6.992197099951964,4,13.430313343292774,17.55642366934844,136.9636866266148,3,7.237031439759711,3,81.89093856093395,3.245223116980456,winter
113,38,20,22.10718988,78.58320116,6.364729934,74.94136567,cotton,26.092338856094248,3,10.20069756507834,17.760919561843668,404.2636624943853,8.314314338045156,3,15.622168006844422,25.08264943674936,100.1320043635288,1,23.703225222301107,3,77.2982896463321,1.202531566650809,winter
102,53,21,23.03814028,76.11021529,6.913678684,91.49697481,cotton,14.05782656290738,1,10.204616717910426,12.182892805650988,363.6025116457563,1.0508770548252115,5,7.35575005184657,90.99922868809242,197.7090028013876,3,12.846762897858726,3,21.129192235481376,4.240513280784109,winter
110,39,18,24.54795322,75.39752705,7.766259769,63.88079866,cotton,23.505031095110127,2,9.143337537960416,10.578909970420709,354.94630269592705,8.441332715993141,3,15.120236624219512,45.63814997948141,183.1554601710277,1,3.121397893136652,3,90.86297907582734,4.421955734933681,winter
107,58,15,23.73868041,75.77503808,7.55606399,76.63669195,cotton,17.976434107611972,1,10.027443505191568,16.66741740873986,408.1755344769629,1.639757824131599,6,19.25478146862218,98.53229078954443,132.68552470180828,1,45.02552451204915,1,99.62994129270884,4.005809101831249,winter
120,60,15,22.31871914,83.86129998,7.288377241,65.35747011,cotton,13.813650400922198,1,8.34975507621451,14.3263315536028,391.089095045729,5.776348680904549,6,14.923220129406545,45.27869732010279,95.54231955177748,2,28.81577359646763,3,42.635369692011615,3.236825024347703,winter
